sample_index,I,Q
16415,0.0824304745,-0.0702535957
16416,0.0619220398,-0.0702535957
16417,0.0749534443,-0.0702535957
16418,0.0659504831,-0.0702535957
16419,0.0724204034,-0.0702841133
16420,0.0676595196,-0.0702535957
16421,0.0710775927,-0.0702535957
16422,0.0687887073,-0.0702535957
16423,0.0701315179,-0.0702535957
16424,0.069307521,-0.0702841133
16425,0.069948405,-0.0702535957
16426,0.0696737394,-0.0702535957
16427,0.0698263347,-0.0702535957
16428,0.0697347745,-0.0702535957
16429,0.0697652996,-0.0702841133
16430,0.0697347745,-0.0702535957
16431,0.0697652996,-0.0702535957
16432,0.0697958171,-0.0702535957
16433,0.0696737394,-0.0702535957
16434,0.0698873699,-0.0702535957
16435,0.0695821866,-0.0702841133
16436,0.0697652996,-0.0702535957
16437,0.0693990737,-0.0702535957
16438,0.0699178874,-0.0702535957
16439,0.0696127042,-0.0702535957
16440,0.0694295913,-0.0702841133
16441,0.0704367012,-0.0702535957
16442,0.0681783333,-0.0702535957
16443,0.0726340339,-0.0702535957
16444,0.0636005551,-0.0702535957
16445,0.0844141766,-0.0702535957
16446,-0.037812423,-0.0702841133
16447,-0.0829187706,-0.0702535957
16448,-0.062410336,-0.0702535957
16449,-0.0754417405,-0.0702535957
16450,-0.0664692968,-0.0702535957
16451,-0.0729392171,-0.0702841133
16452,-0.0681478158,-0.0702535957
16453,-0.0715658888,-0.0702535957
16454,-0.069307521,-0.0702535957
16455,-0.0706198141,-0.0702535957
16456,-0.0697958171,-0.0702841133
16457,-0.0704672188,-0.0702535957
16458,-0.0701620355,-0.0702535957
16459,-0.0703146309,-0.0702535957
16460,-0.0702230707,-0.0702535957
16461,-0.0702841133,-0.0702535957
16462,-0.0702535957,-0.0702841133
16463,-0.0702535957,-0.0702535957
16464,-0.0702535957,-0.0702535957
16465,-0.0702535957,-0.0702535957
16466,-0.0702535957,-0.0702535957
16467,-0.0702841133,-0.0702841133
16468,-0.0702535957,-0.0702535957
16469,-0.0702535957,-0.0702535957
16470,-0.0702535957,-0.0702535957
16471,-0.0702535957,-0.0702535957
16472,-0.0702841133,-0.0702535957
16473,-0.0702535957,-0.0702841133
16474,-0.0702535957,-0.0702535957
16475,-0.0702535957,-0.0702535957
16476,-0.0702535957,-0.0702535957
16477,-0.0702841133,-0.0702535957
16478,-0.0702535957,-0.0702841133
16479,-0.0702535957,-0.0702535957
16480,-0.0702535957,-0.0702535957
16481,-0.0702535957,-0.0702535957
16482,-0.0702535957,-0.0702535957
16483,-0.0702841133,-0.0702841133
16484,-0.0702535957,-0.0702535957
16485,-0.0702535957,-0.0702535957
16486,-0.0702535957,-0.0702535957
16487,-0.0702535957,-0.0702535957
16488,-0.0702841133,-0.0702535957
16489,-0.0702535957,-0.0702841133
16490,-0.0702535957,-0.0702535957
16491,-0.0702535957,-0.0702535957
16492,-0.0702535957,-0.0702535957
16493,-0.0702535957,-0.0702535957
16494,-0.0702841133,-0.0702841133
16495,-0.0702535957,-0.0702230707
16496,-0.0702535957,-0.0703146309
16497,-0.0702535957,-0.0701925531
16498,-0.0702535957,-0.070375666
16499,-0.0702841133,-0.0700704828
16500,-0.0702535957,-0.0702535957
16501,-0.0702535957,-0.0698568523
16502,-0.0702535957,-0.0704672188
16503,-0.0702535957,-0.0700704828
16504,-0.0702841133,-0.0699178874
16505,-0.0702535957,-0.0709555149
16506,-0.0702535957,-0.0686666295
16507,-0.0702535957,-0.0731528476
16508,-0.0702535957,-0.0640888512
16509,-0.0702535957,-0.0849024728
16510,-0.0702841133,0.0373241268
16511,-0.0702535957,0.0823999569
16512,-0.0702535957,0.0619220398
16513,-0.0702535957,0.0749534443
16514,-0.0702535957,0.0659504831
16515,-0.0702841133,0.0724509209
16516,-0.0702535957,0.067629002
16517,-0.0702535957,0.0711081102
16518,-0.0702535957,0.0687887073
16519,-0.0702535957,0.0701315179
16520,-0.0702535957,0.0692770034
16521,-0.0702841133,0.0699789226
16522,-0.0702535957,0.0696737394
16523,-0.0702535957,0.0697958171
16524,-0.0702535957,0.0697347745
16525,-0.0702535957,0.0697958171
16526,-0.0702841133,0.0697347745
16527,-0.0702535957,0.0697652996
16528,-0.0702535957,0.0697652996
16529,-0.0702535957,0.0697652996
16530,-0.0702535957,0.0697652996
16531,-0.0702535957,0.0697347745
16532,-0.0702841133,0.0697652996
16533,-0.0702535957,0.0697652996
16534,-0.0702535957,0.0697652996
16535,-0.0702535957,0.0697652996
16536,-0.0702535957,0.0697347745
16537,-0.0702841133,0.0697652996
16538,-0.0702535957,0.0697652996
16539,-0.0702535957,0.0697652996
16540,-0.0702535957,0.0697652996
16541,-0.0702535957,0.0697347745
16542,-0.0702841133,0.0697652996
16543,-0.0702535957,0.0697652996
16544,-0.0702535957,0.0697652996
16545,-0.0702535957,0.0697652996
16546,-0.0702535957,0.0697347745
16547,-0.0702535957,0.0697652996
16548,-0.0702841133,0.0697652996
16549,-0.0702535957,0.0697652996
16550,-0.0702535957,0.0697652996
16551,-0.0702535957,0.0697347745
16552,-0.0702535957,0.0697652996
16553,-0.0702841133,0.0697652996
16554,-0.0702535957,0.0697652996
16555,-0.0702535957,0.0697652996
16556,-0.0702535957,0.0697347745
16557,-0.0702535957,0.0697652996
16558,-0.0702535957,0.0697652996
16559,-0.0702841133,0.0697652996
16560,-0.0702535957,0.0697652996
16561,-0.0702535957,0.0697347745
16562,-0.0702535957,0.0697652996
16563,-0.0702535957,0.0697652996
16564,-0.0702841133,0.0697652996
16565,-0.0702535957,0.0697652996
16566,-0.0702535957,0.0697347745
16567,-0.0702535957,0.0697652996
16568,-0.0702535957,0.0697652996
16569,-0.0702841133,0.0697652996
16570,-0.0702535957,0.0697652996
16571,-0.0702535957,0.0697347745
16572,-0.0702535957,0.0697652996
16573,-0.0702535957,0.0697652996
16574,-0.0702535957,0.0697652996
16575,-0.0702841133,0.0697652996
16576,-0.0702535957,0.0697347745
16577,-0.0702535957,0.0697652996
16578,-0.0702535957,0.0697652996
16579,-0.0702535957,0.0697652996
16580,-0.0702841133,0.0697652996
16581,-0.0702535957,0.0697347745
16582,-0.0702535957,0.0697652996
16583,-0.0702535957,0.0697652996
16584,-0.0702535957,0.0697652996
16585,-0.0702535957,0.0697652996
16586,-0.0702841133,0.0697652996
16587,-0.0702535957,0.0697347745
16588,-0.0702535957,0.0697652996
16589,-0.0702535957,0.0697652996
16590,-0.0702535957,0.0697652996
16591,-0.0702841133,0.0697347745
16592,-0.0702535957,0.0697958171
16593,-0.0702535957,0.069704257
16594,-0.0702535957,0.0698873699
16595,-0.0702535957,0.0695516691
16596,-0.0702841133,0.0697958171
16597,-0.0702535957,0.0693685561
16598,-0.0702535957,0.069948405
16599,-0.0702535957,0.0695821866
16600,-0.0702535957,0.0694295913
16601,-0.0702535957,0.0704367012
16602,-0.0702841133,0.0681783333
16603,-0.0702535957,0.0726645514
16604,-0.0702535957,0.0635700375
16605,-0.0702535957,0.0844446942
16606,-0.0702535957,-0.0376903489
16607,-0.0702841133,-0.0829492882
16608,-0.0702535957,-0.062410336
16609,-0.0702535957,-0.0754417405
16610,-0.0702535957,-0.0664387792
16611,-0.0702535957,-0.0729697421
16612,-0.0702535957,-0.0681172982
16613,-0.0702841133,-0.0715964064
16614,-0.0702535957,-0.069307521
16615,-0.0702535957,-0.0706198141
16616,-0.0702535957,-0.0697958171
16617,-0.0702535957,-0.0704672188
16618,-0.0702841133,-0.0701620355
16619,-0.0702535957,-0.0703146309
16620,-0.0702535957,-0.0702230707
16621,-0.0702535957,-0.0702535957
16622,-0.0702535957,-0.0702841133
16623,-0.0702535957,-0.0702230707
16624,-0.0702841133,-0.0702841133
16625,-0.0701925531,-0.0701925531
16626,-0.0704061836,-0.070375666
16627,-0.0700399652,-0.0700704828
16628,-0.0702841133,-0.0702841133
16629,-0.0698568523,-0.0698568523
16630,-0.0704672188,-0.0704367012
16631,-0.0700704828,-0.0701010004
16632,-0.0699178874,-0.0699178874
16633,-0.0709555149,-0.0709249973
16634,-0.0686666295,-0.0686971471
16635,-0.07312233,-0.07312233
16636,-0.0640888512,-0.0640888512
16637,-0.0849024728,-0.0849024728
16638,0.0372936092,0.0372936092
16639,0.0824304745,0.0824304745
16640,0.0618915223,0.0619220398
16641,0.0749534443,0.0749229193
16642,0.0659810007,0.0659810007
16643,0.0724204034,0.0724204034
16644,0.0676595196,0.0676595196
16645,0.0710775927,0.0710775927
16646,0.0687887073,0.0687887073
16647,0.0701315179,0.0701315179
16648,0.069307521,0.069307521
16649,0.069948405,0.069948405
16650,0.0696737394,0.0696737394
16651,0.0698263347,0.0698263347
16652,0.069704257,0.0697347745
16653,0.0697958171,0.0697652996
16654,0.0697347745,0.0697347745
16655,0.0697652996,0.0697958171
16656,0.0697652996,0.0697347745
16657,0.0697652996,0.0697652996
16658,0.0697652996,0.0697652996
16659,0.0697652996,0.0697652996
16660,0.0697347745,0.0697652996
16661,0.0697652996,0.0697347745
16662,0.0697652996,0.0697652996
16663,0.0697652996,0.0697652996
16664,0.0697652996,0.0697652996
16665,0.0697347745,0.0697652996
16666,0.0697652996,0.0697347745
16667,0.0697652996,0.0697652996
16668,0.0697652996,0.0697652996
16669,0.0697652996,0.0697652996
16670,0.0697347745,0.0697652996
